id,name,age,email
21,Varun Sharma,28,varun.sharma@email.in
22,Divya Kapoor,31,divya.kapoor@email.in
23,Raj Sharma,29,raj.sharma@email.in
24,Sonia Verma,26,sonia.verma@email.in
25,Kunal Singh,33,kunal.singh@email.in
26,Ayesha Patel,27,ayesha.patel@email.in
27,Krishna Kumar,30,krishna.kumar@email.in
28,Anita Yadav,32,anita.yadav@email.in
29,Aditi Khanna,25,aditi.khanna@email.in
30,Rahul Verma,34,rahul.verma@email.in
31,Shivani Kapoor,29,shivani.kapoor@email.in
32,Vijay Singh,26,vijay.singh@email.in
33,Priya Sharma,31,priya.sharma@email.in
34,Anand Patel,28,anand.patel@email.in
35,Meenakshi Yadav,33,meenakshi.yadav@email.in
36,Arun Kumar,27,arun.kumar@email.in
37,Deepika Singh,30,deepika.singh@email.in
38,Rajat Verma,29,rajat.verma@email.in
39,Sneha Kapoor,25,sneha.kapoor@email.in
40,Saurabh Khanna,32,saurabh.khanna@email.in



